{
    "loss": 16.77370834350586,
    "accuracy": 0.5179855823516846
}