{
    "loss": 11.695802688598633,
    "accuracy": 0.5035971403121948
}