{
    "loss": 4.859929084777832,
    "accuracy": 0.5035971403121948
}